"LOCATION","INDICATOR","SUBJECT","MEASURE","FREQUENCY","TIME","Value","Flag Codes"
"AUS","CPI","TOT","AGRWTH","A","1997",0.2248875,
"AUS","CPI","TOT","AGRWTH","A","1998",0.8601346,
"AUS","CPI","TOT","AGRWTH","A","1999",1.483129,
"AUS","CPI","TOT","AGRWTH","A","2000",4.457435,
"AUS","CPI","TOT","AGRWTH","A","2001",4.407135,
"AUS","CPI","TOT","AGRWTH","A","2002",2.981575,
"AUS","CPI","TOT","AGRWTH","A","2003",2.732596,
"AUS","CPI","TOT","AGRWTH","A","2004",2.343255,
"AUS","CPI","TOT","AGRWTH","A","2005",2.691832,
"AUS","CPI","TOT","AGRWTH","A","2006",3.555288,
"AUS","CPI","TOT","AGRWTH","A","2007",2.327611,
"AUS","CPI","TOT","AGRWTH","A","2008",4.350298,
"AUS","CPI","TOT","AGRWTH","A","2009",1.771117,
"AUS","CPI","TOT","AGRWTH","A","2010",2.91834,
"AUS","CPI","TOT","AGRWTH","A","2011",3.30385,
"AUS","CPI","TOT","AGRWTH","A","2012",1.76278,
"AUS","CPI","TOT","AGRWTH","A","2013",2.449889,
"AUS","CPI","TOT","AGRWTH","A","2014",2.487923,
"AUS","CPI","TOT","AGRWTH","A","2015",1.508367,
"AUS","CPI","TOT","AGRWTH","A","2016",1.276991,
"AUS","CPI","TOT","AGRWTH","A","2017",1.948647,
"AUS","CPI","TOT","AGRWTH","A","2018",1.911401,
"AUS","CPI","TOT","AGRWTH","A","2019",1.610768,
"AUS","CPI","TOT","AGRWTH","A","2020",0.8469055,
"AUS","CPI","TOT","AGRWTH","A","2021",2.86391,
"AUS","CPI","TOT","AGRWTH","A","2022",6.594097,
"AUT","CPI","TOT","AGRWTH","A","1997",1.305983,
"AUT","CPI","TOT","AGRWTH","A","1998",0.9224669,
"AUT","CPI","TOT","AGRWTH","A","1999",0.5689865,
"AUT","CPI","TOT","AGRWTH","A","2000",2.344868,
"AUT","CPI","TOT","AGRWTH","A","2001",2.65,
"AUT","CPI","TOT","AGRWTH","A","2002",1.810359,
"AUT","CPI","TOT","AGRWTH","A","2003",1.355554,
"AUT","CPI","TOT","AGRWTH","A","2004",2.061207,
"AUT","CPI","TOT","AGRWTH","A","2005",2.299138,
"AUT","CPI","TOT","AGRWTH","A","2006",1.441547,
"AUT","CPI","TOT","AGRWTH","A","2007",2.168556,
"AUT","CPI","TOT","AGRWTH","A","2008",3.215951,
"AUT","CPI","TOT","AGRWTH","A","2009",0.5063094,
"AUT","CPI","TOT","AGRWTH","A","2010",1.813532,
"AUT","CPI","TOT","AGRWTH","A","2011",3.286583,
"AUT","CPI","TOT","AGRWTH","A","2012",2.485675,
"AUT","CPI","TOT","AGRWTH","A","2013",2.000158,
"AUT","CPI","TOT","AGRWTH","A","2014",1.605806,
"AUT","CPI","TOT","AGRWTH","A","2015",0.8965653,
"AUT","CPI","TOT","AGRWTH","A","2016",0.8915924,
"AUT","CPI","TOT","AGRWTH","A","2017",2.081269,
"AUT","CPI","TOT","AGRWTH","A","2018",1.998382,
"AUT","CPI","TOT","AGRWTH","A","2019",1.530896,
"AUT","CPI","TOT","AGRWTH","A","2020",1.381909,
"AUT","CPI","TOT","AGRWTH","A","2021",2.766667,
"AUT","CPI","TOT","AGRWTH","A","2022",8.54687,
"BEL","CPI","TOT","AGRWTH","A","1997",1.62816,
"BEL","CPI","TOT","AGRWTH","A","1998",0.9492503,
"BEL","CPI","TOT","AGRWTH","A","1999",1.120848,
"BEL","CPI","TOT","AGRWTH","A","2000",2.544518,
"BEL","CPI","TOT","AGRWTH","A","2001",2.469258,
"BEL","CPI","TOT","AGRWTH","A","2002",1.645214,
"BEL","CPI","TOT","AGRWTH","A","2003",1.588964,
"BEL","CPI","TOT","AGRWTH","A","2004",2.097283,
"BEL","CPI","TOT","AGRWTH","A","2005",2.781433,
"BEL","CPI","TOT","AGRWTH","A","2006",1.791208,
"BEL","CPI","TOT","AGRWTH","A","2007",1.823056,
"BEL","CPI","TOT","AGRWTH","A","2008",4.489444,
"BEL","CPI","TOT","AGRWTH","A","2009",-0.05314567,
"BEL","CPI","TOT","AGRWTH","A","2010",2.189299,
"BEL","CPI","TOT","AGRWTH","A","2011",3.532082,
"BEL","CPI","TOT","AGRWTH","A","2012",2.839664,
"BEL","CPI","TOT","AGRWTH","A","2013",1.113096,
"BEL","CPI","TOT","AGRWTH","A","2014",0.3400028,
"BEL","CPI","TOT","AGRWTH","A","2015",0.5614291,
"BEL","CPI","TOT","AGRWTH","A","2016",1.973853,
"BEL","CPI","TOT","AGRWTH","A","2017",2.125971,
"BEL","CPI","TOT","AGRWTH","A","2018",2.053165,
"BEL","CPI","TOT","AGRWTH","A","2019",1.43682,
"BEL","CPI","TOT","AGRWTH","A","2020",0.7407918,
"BEL","CPI","TOT","AGRWTH","A","2021",2.440248,
"BEL","CPI","TOT","AGRWTH","A","2022",9.597511,
"CAN","CPI","TOT","AGRWTH","A","1997",1.621216,
"CAN","CPI","TOT","AGRWTH","A","1998",0.9959425,
"CAN","CPI","TOT","AGRWTH","A","1999",1.734843,
"CAN","CPI","TOT","AGRWTH","A","2000",2.71944,
"CAN","CPI","TOT","AGRWTH","A","2001",2.52512,
"CAN","CPI","TOT","AGRWTH","A","2002",2.258394,
"CAN","CPI","TOT","AGRWTH","A","2003",2.758563,
"CAN","CPI","TOT","AGRWTH","A","2004",1.857259,
"CAN","CPI","TOT","AGRWTH","A","2005",2.213552,
"CAN","CPI","TOT","AGRWTH","A","2006",2.002025,
"CAN","CPI","TOT","AGRWTH","A","2007",2.138384,
"CAN","CPI","TOT","AGRWTH","A","2008",2.370271,
"CAN","CPI","TOT","AGRWTH","A","2009",0.2994668,
"CAN","CPI","TOT","AGRWTH","A","2010",1.776872,
"CAN","CPI","TOT","AGRWTH","A","2011",2.912135,
"CAN","CPI","TOT","AGRWTH","A","2012",1.515678,
"CAN","CPI","TOT","AGRWTH","A","2013",0.9382919,
"CAN","CPI","TOT","AGRWTH","A","2014",1.906636,
"CAN","CPI","TOT","AGRWTH","A","2015",1.125241,
"CAN","CPI","TOT","AGRWTH","A","2016",1.42876,
"CAN","CPI","TOT","AGRWTH","A","2017",1.596884,
"CAN","CPI","TOT","AGRWTH","A","2018",2.268226,
"CAN","CPI","TOT","AGRWTH","A","2019",1.949269,
"CAN","CPI","TOT","AGRWTH","A","2020",0.7169997,
"CAN","CPI","TOT","AGRWTH","A","2021",3.395193,
"CAN","CPI","TOT","AGRWTH","A","2022",6.802801,
"CZE","CPI","TOT","AGRWTH","A","1997",8.596157,
"CZE","CPI","TOT","AGRWTH","A","1998",10.69837,
"CZE","CPI","TOT","AGRWTH","A","1999",2.135448,
"CZE","CPI","TOT","AGRWTH","A","2000",3.775388,
"CZE","CPI","TOT","AGRWTH","A","2001",4.662675,
"CZE","CPI","TOT","AGRWTH","A","2002",1.902981,
"CZE","CPI","TOT","AGRWTH","A","2003",0.1187392,
"CZE","CPI","TOT","AGRWTH","A","2004",2.760108,
"CZE","CPI","TOT","AGRWTH","A","2005",1.857098,
"CZE","CPI","TOT","AGRWTH","A","2006",2.533993,
"CZE","CPI","TOT","AGRWTH","A","2007",2.853124,
"CZE","CPI","TOT","AGRWTH","A","2008",6.358664,
"CZE","CPI","TOT","AGRWTH","A","2009",1.019377,
"CZE","CPI","TOT","AGRWTH","A","2010",1.472727,
"CZE","CPI","TOT","AGRWTH","A","2011",1.917219,
"CZE","CPI","TOT","AGRWTH","A","2012",3.287623,
"CZE","CPI","TOT","AGRWTH","A","2013",1.438298,
"CZE","CPI","TOT","AGRWTH","A","2014",0.3439886,
"CZE","CPI","TOT","AGRWTH","A","2015",0.3093646,
"CZE","CPI","TOT","AGRWTH","A","2016",0.6835042,
"CZE","CPI","TOT","AGRWTH","A","2017",2.450534,
"CZE","CPI","TOT","AGRWTH","A","2018",2.149495,
"CZE","CPI","TOT","AGRWTH","A","2019",2.847876,
"CZE","CPI","TOT","AGRWTH","A","2020",3.161295,
"CZE","CPI","TOT","AGRWTH","A","2021",3.839845,
"CZE","CPI","TOT","AGRWTH","A","2022",15.10017,
"DNK","CPI","TOT","AGRWTH","A","1997",2.182167,
"DNK","CPI","TOT","AGRWTH","A","1998",1.845651,
"DNK","CPI","TOT","AGRWTH","A","1999",2.497795,
"DNK","CPI","TOT","AGRWTH","A","2000",2.903277,
"DNK","CPI","TOT","AGRWTH","A","2001",2.337875,
"DNK","CPI","TOT","AGRWTH","A","2002",2.424437,
"DNK","CPI","TOT","AGRWTH","A","2003",2.075078,
"DNK","CPI","TOT","AGRWTH","A","2004",1.154357,
"DNK","CPI","TOT","AGRWTH","A","2005",1.817815,
"DNK","CPI","TOT","AGRWTH","A","2006",1.924221,
"DNK","CPI","TOT","AGRWTH","A","2007",1.693266,
"DNK","CPI","TOT","AGRWTH","A","2008",3.416268,
"DNK","CPI","TOT","AGRWTH","A","2009",1.30471,
"DNK","CPI","TOT","AGRWTH","A","2010",2.310924,
"DNK","CPI","TOT","AGRWTH","A","2011",2.758682,
"DNK","CPI","TOT","AGRWTH","A","2012",2.397915,
"DNK","CPI","TOT","AGRWTH","A","2013",0.7890718,
"DNK","CPI","TOT","AGRWTH","A","2014",0.5640205,
"DNK","CPI","TOT","AGRWTH","A","2015",0.4520341,
"DNK","CPI","TOT","AGRWTH","A","2016",0.25,
"DNK","CPI","TOT","AGRWTH","A","2017",1.147132,
"DNK","CPI","TOT","AGRWTH","A","2018",0.8136095,
"DNK","CPI","TOT","AGRWTH","A","2019",0.7581316,
"DNK","CPI","TOT","AGRWTH","A","2020",0.420712,
"DNK","CPI","TOT","AGRWTH","A","2021",1.853045,
"DNK","CPI","TOT","AGRWTH","A","2022",7.696567,
"FIN","CPI","TOT","AGRWTH","A","1997",1.192557,
"FIN","CPI","TOT","AGRWTH","A","1998",1.399471,
"FIN","CPI","TOT","AGRWTH","A","1999",1.162237,
"FIN","CPI","TOT","AGRWTH","A","2000",3.042096,
"FIN","CPI","TOT","AGRWTH","A","2001",2.578441,
"FIN","CPI","TOT","AGRWTH","A","2002",1.571221,
"FIN","CPI","TOT","AGRWTH","A","2003",0.8774385,
"FIN","CPI","TOT","AGRWTH","A","2004",0.1871234,
"FIN","CPI","TOT","AGRWTH","A","2005",0.6238712,
"FIN","CPI","TOT","AGRWTH","A","2006",1.566667,
"FIN","CPI","TOT","AGRWTH","A","2007",2.510666,
"FIN","CPI","TOT","AGRWTH","A","2008",4.065952,
"FIN","CPI","TOT","AGRWTH","A","2009",-0.0000000000000122217,
"FIN","CPI","TOT","AGRWTH","A","2010",1.184135,
"FIN","CPI","TOT","AGRWTH","A","2011",3.416809,
"FIN","CPI","TOT","AGRWTH","A","2012",2.808332,
"FIN","CPI","TOT","AGRWTH","A","2013",1.478288,
"FIN","CPI","TOT","AGRWTH","A","2014",1.0412,
"FIN","CPI","TOT","AGRWTH","A","2015",-0.207932,
"FIN","CPI","TOT","AGRWTH","A","2016",0.3566845,
"FIN","CPI","TOT","AGRWTH","A","2017",0.754015,
"FIN","CPI","TOT","AGRWTH","A","2018",1.083821,
"FIN","CPI","TOT","AGRWTH","A","2019",1.024094,
"FIN","CPI","TOT","AGRWTH","A","2020",0.2905546,
"FIN","CPI","TOT","AGRWTH","A","2021",2.194574,
"FIN","CPI","TOT","AGRWTH","A","2022",7.123507,
"FRA","CPI","TOT","AGRWTH","A","1997",1.203943,
"FRA","CPI","TOT","AGRWTH","A","1998",0.6511269,
"FRA","CPI","TOT","AGRWTH","A","1999",0.5371416,
"FRA","CPI","TOT","AGRWTH","A","2000",1.67596,
"FRA","CPI","TOT","AGRWTH","A","2001",1.634781,
"FRA","CPI","TOT","AGRWTH","A","2002",1.923412,
"FRA","CPI","TOT","AGRWTH","A","2003",2.098472,
"FRA","CPI","TOT","AGRWTH","A","2004",2.14209,
"FRA","CPI","TOT","AGRWTH","A","2005",1.745869,
"FRA","CPI","TOT","AGRWTH","A","2006",1.675125,
"FRA","CPI","TOT","AGRWTH","A","2007",1.487998,
"FRA","CPI","TOT","AGRWTH","A","2008",2.812862,
"FRA","CPI","TOT","AGRWTH","A","2009",0.08762048,
"FRA","CPI","TOT","AGRWTH","A","2010",1.531123,
"FRA","CPI","TOT","AGRWTH","A","2011",2.111598,
"FRA","CPI","TOT","AGRWTH","A","2012",1.954195,
"FRA","CPI","TOT","AGRWTH","A","2013",0.8637155,
"FRA","CPI","TOT","AGRWTH","A","2014",0.5077588,
"FRA","CPI","TOT","AGRWTH","A","2015",0.03751438,
"FRA","CPI","TOT","AGRWTH","A","2016",0.1833349,
"FRA","CPI","TOT","AGRWTH","A","2017",1.032283,
"FRA","CPI","TOT","AGRWTH","A","2018",1.850815,
"FRA","CPI","TOT","AGRWTH","A","2019",1.108255,
"FRA","CPI","TOT","AGRWTH","A","2020",0.4764988,
"FRA","CPI","TOT","AGRWTH","A","2021",1.642331,
"FRA","CPI","TOT","AGRWTH","A","2022",5.222367,
"DEU","CPI","TOT","AGRWTH","A","1997",1.939369,
"DEU","CPI","TOT","AGRWTH","A","1998",0.9111845,
"DEU","CPI","TOT","AGRWTH","A","1999",0.5854336,
"DEU","CPI","TOT","AGRWTH","A","2000",1.440268,
"DEU","CPI","TOT","AGRWTH","A","2001",1.983857,
"DEU","CPI","TOT","AGRWTH","A","2002",1.420807,
"DEU","CPI","TOT","AGRWTH","A","2003",1.034223,
"DEU","CPI","TOT","AGRWTH","A","2004",1.665736,
"DEU","CPI","TOT","AGRWTH","A","2005",1.546911,
"DEU","CPI","TOT","AGRWTH","A","2006",1.577429,
"DEU","CPI","TOT","AGRWTH","A","2007",2.298341,
"DEU","CPI","TOT","AGRWTH","A","2008",2.628383,
"DEU","CPI","TOT","AGRWTH","A","2009",0.3127377,
"DEU","CPI","TOT","AGRWTH","A","2010",1.103809,
"DEU","CPI","TOT","AGRWTH","A","2011",2.075173,
"DEU","CPI","TOT","AGRWTH","A","2012",2.008491,
"DEU","CPI","TOT","AGRWTH","A","2013",1.504722,
"DEU","CPI","TOT","AGRWTH","A","2014",0.9067971,
"DEU","CPI","TOT","AGRWTH","A","2015",0.514421,
"DEU","CPI","TOT","AGRWTH","A","2016",0.4917486,
"DEU","CPI","TOT","AGRWTH","A","2017",1.509497,
"DEU","CPI","TOT","AGRWTH","A","2018",1.732168,
"DEU","CPI","TOT","AGRWTH","A","2019",1.445667,
"DEU","CPI","TOT","AGRWTH","A","2020",0.1448705,
"DEU","CPI","TOT","AGRWTH","A","2021",3.066667,
"DEU","CPI","TOT","AGRWTH","A","2022",6.872574,
"GRC","CPI","TOT","AGRWTH","A","1997",5.536003,
"GRC","CPI","TOT","AGRWTH","A","1998",4.766226,
"GRC","CPI","TOT","AGRWTH","A","1999",2.636638,
"GRC","CPI","TOT","AGRWTH","A","2000",3.151177,
"GRC","CPI","TOT","AGRWTH","A","2001",3.373966,
"GRC","CPI","TOT","AGRWTH","A","2002",3.629363,
"GRC","CPI","TOT","AGRWTH","A","2003",3.530651,
"GRC","CPI","TOT","AGRWTH","A","2004",2.898848,
"GRC","CPI","TOT","AGRWTH","A","2005",3.545073,
"GRC","CPI","TOT","AGRWTH","A","2006",3.195946,
"GRC","CPI","TOT","AGRWTH","A","2007",2.895001,
"GRC","CPI","TOT","AGRWTH","A","2008",4.152796,
"GRC","CPI","TOT","AGRWTH","A","2009",1.210074,
"GRC","CPI","TOT","AGRWTH","A","2010",4.712982,
"GRC","CPI","TOT","AGRWTH","A","2011",3.32987,
"GRC","CPI","TOT","AGRWTH","A","2012",1.50152,
"GRC","CPI","TOT","AGRWTH","A","2013",-0.9212719,
"GRC","CPI","TOT","AGRWTH","A","2014",-1.312242,
"GRC","CPI","TOT","AGRWTH","A","2015",-1.735902,
"GRC","CPI","TOT","AGRWTH","A","2016",-0.8256576,
"GRC","CPI","TOT","AGRWTH","A","2017",1.121259,
"GRC","CPI","TOT","AGRWTH","A","2018",0.6256205,
"GRC","CPI","TOT","AGRWTH","A","2019",0.2529927,
"GRC","CPI","TOT","AGRWTH","A","2020",-1.247972,
"GRC","CPI","TOT","AGRWTH","A","2021",1.223826,
"GRC","CPI","TOT","AGRWTH","A","2022",9.645261,
"HUN","CPI","TOT","AGRWTH","A","1997",18.30508,
"HUN","CPI","TOT","AGRWTH","A","1998",14.15379,
"HUN","CPI","TOT","AGRWTH","A","1999",9.997744,
"HUN","CPI","TOT","AGRWTH","A","2000",9.803608,
"HUN","CPI","TOT","AGRWTH","A","2001",9.116809,
"HUN","CPI","TOT","AGRWTH","A","2002",5.265448,
"HUN","CPI","TOT","AGRWTH","A","2003",4.661017,
"HUN","CPI","TOT","AGRWTH","A","2004",6.744347,
"HUN","CPI","TOT","AGRWTH","A","2005",3.561517,
"HUN","CPI","TOT","AGRWTH","A","2006",3.930326,
"HUN","CPI","TOT","AGRWTH","A","2007",7.958745,
"HUN","CPI","TOT","AGRWTH","A","2008",6.042512,
"HUN","CPI","TOT","AGRWTH","A","2009",4.211712,
"HUN","CPI","TOT","AGRWTH","A","2010",4.855558,
"HUN","CPI","TOT","AGRWTH","A","2011",3.929921,
"HUN","CPI","TOT","AGRWTH","A","2012",5.652145,
"HUN","CPI","TOT","AGRWTH","A","2013",1.7332,
"HUN","CPI","TOT","AGRWTH","A","2014",-0.2275663,
"HUN","CPI","TOT","AGRWTH","A","2015",-0.06164468,
"HUN","CPI","TOT","AGRWTH","A","2016",0.3947693,
"HUN","CPI","TOT","AGRWTH","A","2017",2.348243,
"HUN","CPI","TOT","AGRWTH","A","2018",2.850248,
"HUN","CPI","TOT","AGRWTH","A","2019",3.338586,
"HUN","CPI","TOT","AGRWTH","A","2020",3.326744,
"HUN","CPI","TOT","AGRWTH","A","2021",5.110965,
"HUN","CPI","TOT","AGRWTH","A","2022",14.60814,
"ISL","CPI","TOT","AGRWTH","A","1997",1.815431,
"ISL","CPI","TOT","AGRWTH","A","1998",1.659237,
"ISL","CPI","TOT","AGRWTH","A","1999",3.231831,
"ISL","CPI","TOT","AGRWTH","A","2000",5.136475,
"ISL","CPI","TOT","AGRWTH","A","2001",6.405086,
"ISL","CPI","TOT","AGRWTH","A","2002",5.197023,
"ISL","CPI","TOT","AGRWTH","A","2003",2.055662,
"ISL","CPI","TOT","AGRWTH","A","2004",3.158195,
"ISL","CPI","TOT","AGRWTH","A","2005",3.987048,
"ISL","CPI","TOT","AGRWTH","A","2006",6.687074,
"ISL","CPI","TOT","AGRWTH","A","2007",5.051564,
"ISL","CPI","TOT","AGRWTH","A","2008",12.6944,
"ISL","CPI","TOT","AGRWTH","A","2009",12.00312,
"ISL","CPI","TOT","AGRWTH","A","2010",5.396732,
"ISL","CPI","TOT","AGRWTH","A","2011",4.001026,
"ISL","CPI","TOT","AGRWTH","A","2012",5.1859,
"ISL","CPI","TOT","AGRWTH","A","2013",3.872275,
"ISL","CPI","TOT","AGRWTH","A","2014",2.044619,
"ISL","CPI","TOT","AGRWTH","A","2015",1.633058,
"ISL","CPI","TOT","AGRWTH","A","2016",1.69693,
"ISL","CPI","TOT","AGRWTH","A","2017",1.760413,
"ISL","CPI","TOT","AGRWTH","A","2018",2.682915,
"ISL","CPI","TOT","AGRWTH","A","2019",3.013977,
"ISL","CPI","TOT","AGRWTH","A","2020",2.847919,
"ISL","CPI","TOT","AGRWTH","A","2021",4.444243,
"ISL","CPI","TOT","AGRWTH","A","2022",8.308754,
"IRL","CPI","TOT","AGRWTH","A","1997",1.525605,
"IRL","CPI","TOT","AGRWTH","A","1998",2.415518,
"IRL","CPI","TOT","AGRWTH","A","1999",1.631924,
"IRL","CPI","TOT","AGRWTH","A","2000",5.590717,
"IRL","CPI","TOT","AGRWTH","A","2001",4.872905,
"IRL","CPI","TOT","AGRWTH","A","2002",4.614733,
"IRL","CPI","TOT","AGRWTH","A","2003",3.49049,
"IRL","CPI","TOT","AGRWTH","A","2004",2.199629,
"IRL","CPI","TOT","AGRWTH","A","2005",2.429692,
"IRL","CPI","TOT","AGRWTH","A","2006",3.93164,
"IRL","CPI","TOT","AGRWTH","A","2007",4.897116,
"IRL","CPI","TOT","AGRWTH","A","2008",4.060305,
"IRL","CPI","TOT","AGRWTH","A","2009",-4.478103,
"IRL","CPI","TOT","AGRWTH","A","2010",-0.9220958,
"IRL","CPI","TOT","AGRWTH","A","2011",2.557189,
"IRL","CPI","TOT","AGRWTH","A","2012",1.696209,
"IRL","CPI","TOT","AGRWTH","A","2013",0.5087149,
"IRL","CPI","TOT","AGRWTH","A","2014",0.1825423,
"IRL","CPI","TOT","AGRWTH","A","2015",-0.2898791,
"IRL","CPI","TOT","AGRWTH","A","2016",0.008306338,
"IRL","CPI","TOT","AGRWTH","A","2017",0.3405316,
"IRL","CPI","TOT","AGRWTH","A","2018",0.4883702,
"IRL","CPI","TOT","AGRWTH","A","2019",0.9390445,
"IRL","CPI","TOT","AGRWTH","A","2020",-0.3345846,
"IRL","CPI","TOT","AGRWTH","A","2021",2.358143,
"IRL","CPI","TOT","AGRWTH","A","2022",7.807375,
"ITA","CPI","TOT","AGRWTH","A","1997",2.043106,
"ITA","CPI","TOT","AGRWTH","A","1998",1.955088,
"ITA","CPI","TOT","AGRWTH","A","1999",1.663458,
"ITA","CPI","TOT","AGRWTH","A","2000",2.537687,
"ITA","CPI","TOT","AGRWTH","A","2001",2.785166,
"ITA","CPI","TOT","AGRWTH","A","2002",2.46532,
"ITA","CPI","TOT","AGRWTH","A","2003",2.672559,
"ITA","CPI","TOT","AGRWTH","A","2004",2.206736,
"ITA","CPI","TOT","AGRWTH","A","2005",1.985294,
"ITA","CPI","TOT","AGRWTH","A","2006",2.090843,
"ITA","CPI","TOT","AGRWTH","A","2007",1.829738,
"ITA","CPI","TOT","AGRWTH","A","2008",3.347834,
"ITA","CPI","TOT","AGRWTH","A","2009",0.7747682,
"ITA","CPI","TOT","AGRWTH","A","2010",1.525516,
"ITA","CPI","TOT","AGRWTH","A","2011",2.780633,
"ITA","CPI","TOT","AGRWTH","A","2012",3.041363,
"ITA","CPI","TOT","AGRWTH","A","2013",1.219992,
"ITA","CPI","TOT","AGRWTH","A","2014",0.2410575,
"ITA","CPI","TOT","AGRWTH","A","2015",0.03878675,
"ITA","CPI","TOT","AGRWTH","A","2016",-0.0940214,
"ITA","CPI","TOT","AGRWTH","A","2017",1.226533,
"ITA","CPI","TOT","AGRWTH","A","2018",1.137488,
"ITA","CPI","TOT","AGRWTH","A","2019",0.6112469,
"ITA","CPI","TOT","AGRWTH","A","2020",-0.1377076,
"ITA","CPI","TOT","AGRWTH","A","2021",1.873783,
"ITA","CPI","TOT","AGRWTH","A","2022",8.20129,
"JPN","CPI","TOT","AGRWTH","A","1997",1.708333,
"JPN","CPI","TOT","AGRWTH","A","1998",0.6583334,
"JPN","CPI","TOT","AGRWTH","A","1999",-0.3416667,
"JPN","CPI","TOT","AGRWTH","A","2000",-0.6583334,
"JPN","CPI","TOT","AGRWTH","A","2001",-0.7333333,
"JPN","CPI","TOT","AGRWTH","A","2002",-0.9083334,
"JPN","CPI","TOT","AGRWTH","A","2003",-0.25,
"JPN","CPI","TOT","AGRWTH","A","2004",-0.008333334,
"JPN","CPI","TOT","AGRWTH","A","2005",-0.2833333,
"JPN","CPI","TOT","AGRWTH","A","2006",0.2416667,
"JPN","CPI","TOT","AGRWTH","A","2007",0.05833333,
"JPN","CPI","TOT","AGRWTH","A","2008",1.383333,
"JPN","CPI","TOT","AGRWTH","A","2009",-1.341667,
"JPN","CPI","TOT","AGRWTH","A","2010",-0.7,
"JPN","CPI","TOT","AGRWTH","A","2011",-0.275,
"JPN","CPI","TOT","AGRWTH","A","2012",-0.04166667,
"JPN","CPI","TOT","AGRWTH","A","2013",0.35,
"JPN","CPI","TOT","AGRWTH","A","2014",2.733333,
"JPN","CPI","TOT","AGRWTH","A","2015",0.8,
"JPN","CPI","TOT","AGRWTH","A","2016",-0.1333333,
"JPN","CPI","TOT","AGRWTH","A","2017",0.475,
"JPN","CPI","TOT","AGRWTH","A","2018",0.9916667,
"JPN","CPI","TOT","AGRWTH","A","2019",0.475,
"JPN","CPI","TOT","AGRWTH","A","2020",-0.01666667,
"JPN","CPI","TOT","AGRWTH","A","2021",-0.25,
"JPN","CPI","TOT","AGRWTH","A","2022",2.508333,
"KOR","CPI","TOT","AGRWTH","A","1997",4.438932,
"KOR","CPI","TOT","AGRWTH","A","1998",7.51358,
"KOR","CPI","TOT","AGRWTH","A","1999",0.8129572,
"KOR","CPI","TOT","AGRWTH","A","2000",2.259166,
"KOR","CPI","TOT","AGRWTH","A","2001",4.066576,
"KOR","CPI","TOT","AGRWTH","A","2002",2.762262,
"KOR","CPI","TOT","AGRWTH","A","2003",3.514874,
"KOR","CPI","TOT","AGRWTH","A","2004",3.590663,
"KOR","CPI","TOT","AGRWTH","A","2005",2.753792,
"KOR","CPI","TOT","AGRWTH","A","2006",2.24234,
"KOR","CPI","TOT","AGRWTH","A","2007",2.534574,
"KOR","CPI","TOT","AGRWTH","A","2008",4.673897,
"KOR","CPI","TOT","AGRWTH","A","2009",2.756496,
"KOR","CPI","TOT","AGRWTH","A","2010",2.939286,
"KOR","CPI","TOT","AGRWTH","A","2011",4.025965,
"KOR","CPI","TOT","AGRWTH","A","2012",2.187071,
"KOR","CPI","TOT","AGRWTH","A","2013",1.301347,
"KOR","CPI","TOT","AGRWTH","A","2014",1.274774,
"KOR","CPI","TOT","AGRWTH","A","2015",0.7063318,
"KOR","CPI","TOT","AGRWTH","A","2016",0.9716858,
"KOR","CPI","TOT","AGRWTH","A","2017",1.944332,
"KOR","CPI","TOT","AGRWTH","A","2018",1.475839,
"KOR","CPI","TOT","AGRWTH","A","2019",0.3830003,
"KOR","CPI","TOT","AGRWTH","A","2020",0.537288,
"KOR","CPI","TOT","AGRWTH","A","2021",2.498333,
"KOR","CPI","TOT","AGRWTH","A","2022",5.087888,
"LUX","CPI","TOT","AGRWTH","A","1997",1.367511,
"LUX","CPI","TOT","AGRWTH","A","1998",0.9585662,
"LUX","CPI","TOT","AGRWTH","A","1999",1.025194,
"LUX","CPI","TOT","AGRWTH","A","2000",3.150768,
"LUX","CPI","TOT","AGRWTH","A","2001",2.663822,
"LUX","CPI","TOT","AGRWTH","A","2002",2.074089,
"LUX","CPI","TOT","AGRWTH","A","2003",2.04984,
"LUX","CPI","TOT","AGRWTH","A","2004",2.225681,
"LUX","CPI","TOT","AGRWTH","A","2005",2.487693,
"LUX","CPI","TOT","AGRWTH","A","2006",2.666315,
"LUX","CPI","TOT","AGRWTH","A","2007",2.312459,
"LUX","CPI","TOT","AGRWTH","A","2008",3.40188,
"LUX","CPI","TOT","AGRWTH","A","2009",0.368042,
"LUX","CPI","TOT","AGRWTH","A","2010",2.273679,
"LUX","CPI","TOT","AGRWTH","A","2011",3.410683,
"LUX","CPI","TOT","AGRWTH","A","2012",2.662842,
"LUX","CPI","TOT","AGRWTH","A","2013",1.73404,
"LUX","CPI","TOT","AGRWTH","A","2014",0.628544,
"LUX","CPI","TOT","AGRWTH","A","2015",0.4747432,
"LUX","CPI","TOT","AGRWTH","A","2016",0.2908333,
"LUX","CPI","TOT","AGRWTH","A","2017",1.7308,
"LUX","CPI","TOT","AGRWTH","A","2018",1.528195,
"LUX","CPI","TOT","AGRWTH","A","2019",1.743321,
"LUX","CPI","TOT","AGRWTH","A","2020",0.8199573,
"LUX","CPI","TOT","AGRWTH","A","2021",2.52692,
"LUX","CPI","TOT","AGRWTH","A","2022",6.336008,
"MEX","CPI","TOT","AGRWTH","A","1997",20.62563,
"MEX","CPI","TOT","AGRWTH","A","1998",15.92839,
"MEX","CPI","TOT","AGRWTH","A","1999",16.58562,
"MEX","CPI","TOT","AGRWTH","A","2000",9.49156,
"MEX","CPI","TOT","AGRWTH","A","2001",6.367737,
"MEX","CPI","TOT","AGRWTH","A","2002",5.030733,
"MEX","CPI","TOT","AGRWTH","A","2003",4.546898,
"MEX","CPI","TOT","AGRWTH","A","2004",4.688407,
"MEX","CPI","TOT","AGRWTH","A","2005",3.988061,
"MEX","CPI","TOT","AGRWTH","A","2006",3.629463,
"MEX","CPI","TOT","AGRWTH","A","2007",3.96685,
"MEX","CPI","TOT","AGRWTH","A","2008",5.124982,
"MEX","CPI","TOT","AGRWTH","A","2009",5.297357,
"MEX","CPI","TOT","AGRWTH","A","2010",4.156728,
"MEX","CPI","TOT","AGRWTH","A","2011",3.40738,
"MEX","CPI","TOT","AGRWTH","A","2012",4.111508,
"MEX","CPI","TOT","AGRWTH","A","2013",3.80639,
"MEX","CPI","TOT","AGRWTH","A","2014",4.018617,
"MEX","CPI","TOT","AGRWTH","A","2015",2.720641,
"MEX","CPI","TOT","AGRWTH","A","2016",2.821708,
"MEX","CPI","TOT","AGRWTH","A","2017",6.041456,
"MEX","CPI","TOT","AGRWTH","A","2018",4.899351,
"MEX","CPI","TOT","AGRWTH","A","2019",3.635961,
"MEX","CPI","TOT","AGRWTH","A","2020",3.396834,
"MEX","CPI","TOT","AGRWTH","A","2021",5.689209,
"MEX","CPI","TOT","AGRWTH","A","2022",7.896276,
"NLD","CPI","TOT","AGRWTH","A","1997",2.109246,
"NLD","CPI","TOT","AGRWTH","A","1998",1.959136,
"NLD","CPI","TOT","AGRWTH","A","1999",2.157179,
"NLD","CPI","TOT","AGRWTH","A","2000",2.360522,
"NLD","CPI","TOT","AGRWTH","A","2001",4.155841,
"NLD","CPI","TOT","AGRWTH","A","2002",3.287531,
"NLD","CPI","TOT","AGRWTH","A","2003",2.091998,
"NLD","CPI","TOT","AGRWTH","A","2004",1.263647,
"NLD","CPI","TOT","AGRWTH","A","2005",1.68813,
"NLD","CPI","TOT","AGRWTH","A","2006",1.101501,
"NLD","CPI","TOT","AGRWTH","A","2007",1.613859,
"NLD","CPI","TOT","AGRWTH","A","2008",2.486502,
"NLD","CPI","TOT","AGRWTH","A","2009",1.189777,
"NLD","CPI","TOT","AGRWTH","A","2010",1.275306,
"NLD","CPI","TOT","AGRWTH","A","2011",2.34107,
"NLD","CPI","TOT","AGRWTH","A","2012",2.455548,
"NLD","CPI","TOT","AGRWTH","A","2013",2.506899,
"NLD","CPI","TOT","AGRWTH","A","2014",0.9760351,
"NLD","CPI","TOT","AGRWTH","A","2015",0.6002482,
"NLD","CPI","TOT","AGRWTH","A","2016",0.3166667,
"NLD","CPI","TOT","AGRWTH","A","2017",1.381459,
"NLD","CPI","TOT","AGRWTH","A","2018",1.703498,
"NLD","CPI","TOT","AGRWTH","A","2019",2.633699,
"NLD","CPI","TOT","AGRWTH","A","2020",1.27246,
"NLD","CPI","TOT","AGRWTH","A","2021",2.67572,
"NLD","CPI","TOT","AGRWTH","A","2022",10.00121,
"NZL","CPI","TOT","AGRWTH","A","1997",1.187151,
"NZL","CPI","TOT","AGRWTH","A","1998",1.26524,
"NZL","CPI","TOT","AGRWTH","A","1999",-0.1142663,
"NZL","CPI","TOT","AGRWTH","A","2000",2.615233,
"NZL","CPI","TOT","AGRWTH","A","2001",2.625821,
"NZL","CPI","TOT","AGRWTH","A","2002",2.677091,
"NZL","CPI","TOT","AGRWTH","A","2003",1.753576,
"NZL","CPI","TOT","AGRWTH","A","2004",2.290249,
"NZL","CPI","TOT","AGRWTH","A","2005",3.037021,
"NZL","CPI","TOT","AGRWTH","A","2006",3.365404,
"NZL","CPI","TOT","AGRWTH","A","2007",2.376143,
"NZL","CPI","TOT","AGRWTH","A","2008",3.958944,
"NZL","CPI","TOT","AGRWTH","A","2009",2.115656,
"NZL","CPI","TOT","AGRWTH","A","2010",2.302026,
"NZL","CPI","TOT","AGRWTH","A","2011",4.027903,
"NZL","CPI","TOT","AGRWTH","A","2012",1.059918,
"NZL","CPI","TOT","AGRWTH","A","2013",1.134418,
"NZL","CPI","TOT","AGRWTH","A","2014",1.227513,
"NZL","CPI","TOT","AGRWTH","A","2015",0.2927033,
"NZL","CPI","TOT","AGRWTH","A","2016",0.6462373,
"NZL","CPI","TOT","AGRWTH","A","2017",1.850787,
"NZL","CPI","TOT","AGRWTH","A","2018",1.598298,
"NZL","CPI","TOT","AGRWTH","A","2019",1.619632,
"NZL","CPI","TOT","AGRWTH","A","2020",1.714562,
"NZL","CPI","TOT","AGRWTH","A","2021",3.941121,
"NZL","CPI","TOT","AGRWTH","A","2022",7.172225,
"NOR","CPI","TOT","AGRWTH","A","1997",2.566923,
"NOR","CPI","TOT","AGRWTH","A","1998",2.252413,
"NOR","CPI","TOT","AGRWTH","A","1999",2.365967,
"NOR","CPI","TOT","AGRWTH","A","2000",3.085506,
"NOR","CPI","TOT","AGRWTH","A","2001",3.004197,
"NOR","CPI","TOT","AGRWTH","A","2002",1.286725,
"NOR","CPI","TOT","AGRWTH","A","2003",2.487826,
"NOR","CPI","TOT","AGRWTH","A","2004",0.4544985,
"NOR","CPI","TOT","AGRWTH","A","2005",1.532134,
"NOR","CPI","TOT","AGRWTH","A","2006",2.32935,
"NOR","CPI","TOT","AGRWTH","A","2007",0.7125891,
"NOR","CPI","TOT","AGRWTH","A","2008",3.753931,
"NOR","CPI","TOT","AGRWTH","A","2009",2.197386,
"NOR","CPI","TOT","AGRWTH","A","2010",2.418906,
"NOR","CPI","TOT","AGRWTH","A","2011",1.284952,
"NOR","CPI","TOT","AGRWTH","A","2012",0.6968641,
"NOR","CPI","TOT","AGRWTH","A","2013",2.120486,
"NOR","CPI","TOT","AGRWTH","A","2014",2.041703,
"NOR","CPI","TOT","AGRWTH","A","2015",2.171137,
"NOR","CPI","TOT","AGRWTH","A","2016",3.55,
"NOR","CPI","TOT","AGRWTH","A","2017",1.875101,
"NOR","CPI","TOT","AGRWTH","A","2018",2.764831,
"NOR","CPI","TOT","AGRWTH","A","2019",2.16773,
"NOR","CPI","TOT","AGRWTH","A","2020",1.286585,
"NOR","CPI","TOT","AGRWTH","A","2021",3.483881,
"NOR","CPI","TOT","AGRWTH","A","2022",5.764123,
"POL","CPI","TOT","AGRWTH","A","1997",14.95,
"POL","CPI","TOT","AGRWTH","A","1998",11.86667,
"POL","CPI","TOT","AGRWTH","A","1999",7.258333,
"POL","CPI","TOT","AGRWTH","A","2000",10.09167,
"POL","CPI","TOT","AGRWTH","A","2001",5.475,
"POL","CPI","TOT","AGRWTH","A","2002",1.941667,
"POL","CPI","TOT","AGRWTH","A","2003",0.8416666,
"POL","CPI","TOT","AGRWTH","A","2004",3.491667,
"POL","CPI","TOT","AGRWTH","A","2005",2.133333,
"POL","CPI","TOT","AGRWTH","A","2006",1.033333,
"POL","CPI","TOT","AGRWTH","A","2007",2.491667,
"POL","CPI","TOT","AGRWTH","A","2008",4.216667,
"POL","CPI","TOT","AGRWTH","A","2009",3.45,
"POL","CPI","TOT","AGRWTH","A","2010",2.583333,
"POL","CPI","TOT","AGRWTH","A","2011",4.266667,
"POL","CPI","TOT","AGRWTH","A","2012",3.7,
"POL","CPI","TOT","AGRWTH","A","2013",0.9,
"POL","CPI","TOT","AGRWTH","A","2014",-0.025,
"POL","CPI","TOT","AGRWTH","A","2015",-0.9333333,
"POL","CPI","TOT","AGRWTH","A","2016",-0.5833333,
"POL","CPI","TOT","AGRWTH","A","2017",1.975,
"POL","CPI","TOT","AGRWTH","A","2018",1.666667,
"POL","CPI","TOT","AGRWTH","A","2019",2.308333,
"POL","CPI","TOT","AGRWTH","A","2020",3.4,
"POL","CPI","TOT","AGRWTH","A","2021",5.1,
"POL","CPI","TOT","AGRWTH","A","2022",14.3,
"PRT","CPI","TOT","AGRWTH","A","1997",2.336863,
"PRT","CPI","TOT","AGRWTH","A","1998",2.572752,
"PRT","CPI","TOT","AGRWTH","A","1999",2.340095,
"PRT","CPI","TOT","AGRWTH","A","2000",2.85303,
"PRT","CPI","TOT","AGRWTH","A","2001",4.369903,
"PRT","CPI","TOT","AGRWTH","A","2002",3.600347,
"PRT","CPI","TOT","AGRWTH","A","2003",3.218991,
"PRT","CPI","TOT","AGRWTH","A","2004",2.365362,
"PRT","CPI","TOT","AGRWTH","A","2005",2.277164,
"PRT","CPI","TOT","AGRWTH","A","2006",3.107666,
"PRT","CPI","TOT","AGRWTH","A","2007",2.453965,
"PRT","CPI","TOT","AGRWTH","A","2008",2.588506,
"PRT","CPI","TOT","AGRWTH","A","2009",-0.83553,
"PRT","CPI","TOT","AGRWTH","A","2010",1.402573,
"PRT","CPI","TOT","AGRWTH","A","2011",3.653011,
"PRT","CPI","TOT","AGRWTH","A","2012",2.773339,
"PRT","CPI","TOT","AGRWTH","A","2013",0.2744167,
"PRT","CPI","TOT","AGRWTH","A","2014",-0.2781534,
"PRT","CPI","TOT","AGRWTH","A","2015",0.4879386,
"PRT","CPI","TOT","AGRWTH","A","2016",0.6073971,
"PRT","CPI","TOT","AGRWTH","A","2017",1.368614,
"PRT","CPI","TOT","AGRWTH","A","2018",0.9937157,
"PRT","CPI","TOT","AGRWTH","A","2019",0.3381784,
"PRT","CPI","TOT","AGRWTH","A","2020",-0.01243833,
"PRT","CPI","TOT","AGRWTH","A","2021",1.265657,
"PRT","CPI","TOT","AGRWTH","A","2022",7.832691,
"SVK","CPI","TOT","AGRWTH","A","1997",6.141988,
"SVK","CPI","TOT","AGRWTH","A","1998",6.665648,
"SVK","CPI","TOT","AGRWTH","A","1999",10.57045,
"SVK","CPI","TOT","AGRWTH","A","2000",12.03578,
"SVK","CPI","TOT","AGRWTH","A","2001",7.329631,
"SVK","CPI","TOT","AGRWTH","A","2002",3.127133,
"SVK","CPI","TOT","AGRWTH","A","2003",8.554143,
"SVK","CPI","TOT","AGRWTH","A","2004",7.548501,
"SVK","CPI","TOT","AGRWTH","A","2005",2.709085,
"SVK","CPI","TOT","AGRWTH","A","2006",4.483331,
"SVK","CPI","TOT","AGRWTH","A","2007",2.756724,
"SVK","CPI","TOT","AGRWTH","A","2008",4.59818,
"SVK","CPI","TOT","AGRWTH","A","2009",1.615105,
"SVK","CPI","TOT","AGRWTH","A","2010",0.9570181,
"SVK","CPI","TOT","AGRWTH","A","2011",3.919286,
"SVK","CPI","TOT","AGRWTH","A","2012",3.606103,
"SVK","CPI","TOT","AGRWTH","A","2013",1.400474,
"SVK","CPI","TOT","AGRWTH","A","2014",-0.07616533,
"SVK","CPI","TOT","AGRWTH","A","2015",-0.3252198,
"SVK","CPI","TOT","AGRWTH","A","2016",-0.5200102,
"SVK","CPI","TOT","AGRWTH","A","2017",1.311946,
"SVK","CPI","TOT","AGRWTH","A","2018",2.514037,
"SVK","CPI","TOT","AGRWTH","A","2019",2.664561,
"SVK","CPI","TOT","AGRWTH","A","2020",1.936941,
"SVK","CPI","TOT","AGRWTH","A","2021",3.149606,
"SVK","CPI","TOT","AGRWTH","A","2022",12.77415,
"ESP","CPI","TOT","AGRWTH","A","1997",1.971078,
"ESP","CPI","TOT","AGRWTH","A","1998",1.83433,
"ESP","CPI","TOT","AGRWTH","A","1999",2.310345,
"ESP","CPI","TOT","AGRWTH","A","2000",3.433517,
"ESP","CPI","TOT","AGRWTH","A","2001",3.589833,
"ESP","CPI","TOT","AGRWTH","A","2002",3.065657,
"ESP","CPI","TOT","AGRWTH","A","2003",3.038888,
"ESP","CPI","TOT","AGRWTH","A","2004",3.039249,
"ESP","CPI","TOT","AGRWTH","A","2005",3.368814,
"ESP","CPI","TOT","AGRWTH","A","2006",3.515576,
"ESP","CPI","TOT","AGRWTH","A","2007",2.786798,
"ESP","CPI","TOT","AGRWTH","A","2008",4.075343,
"ESP","CPI","TOT","AGRWTH","A","2009",-0.2878131,
"ESP","CPI","TOT","AGRWTH","A","2010",1.799865,
"ESP","CPI","TOT","AGRWTH","A","2011",3.196102,
"ESP","CPI","TOT","AGRWTH","A","2012",2.446128,
"ESP","CPI","TOT","AGRWTH","A","2013",1.408581,
"ESP","CPI","TOT","AGRWTH","A","2014",-0.1511148,
"ESP","CPI","TOT","AGRWTH","A","2015",-0.5003657,
"ESP","CPI","TOT","AGRWTH","A","2016",-0.202598,
"ESP","CPI","TOT","AGRWTH","A","2017",1.956076,
"ESP","CPI","TOT","AGRWTH","A","2018",1.674981,
"ESP","CPI","TOT","AGRWTH","A","2019",0.699519,
"ESP","CPI","TOT","AGRWTH","A","2020",-0.322753,
"ESP","CPI","TOT","AGRWTH","A","2021",3.093135,
"ESP","CPI","TOT","AGRWTH","A","2022",8.390576,
"SWE","CPI","TOT","AGRWTH","A","1997",0.6584103,
"SWE","CPI","TOT","AGRWTH","A","1998",-0.2671327,
"SWE","CPI","TOT","AGRWTH","A","1999",0.4621758,
"SWE","CPI","TOT","AGRWTH","A","2000",0.8991438,
"SWE","CPI","TOT","AGRWTH","A","2001",2.405958,
"SWE","CPI","TOT","AGRWTH","A","2002",2.158482,
"SWE","CPI","TOT","AGRWTH","A","2003",1.925655,
"SWE","CPI","TOT","AGRWTH","A","2004",0.3736598,
"SWE","CPI","TOT","AGRWTH","A","2005",0.4531709,
"SWE","CPI","TOT","AGRWTH","A","2006",1.360215,
"SWE","CPI","TOT","AGRWTH","A","2007",2.212169,
"SWE","CPI","TOT","AGRWTH","A","2008",3.437049,
"SWE","CPI","TOT","AGRWTH","A","2009",-0.4944606,
"SWE","CPI","TOT","AGRWTH","A","2010",1.157988,
"SWE","CPI","TOT","AGRWTH","A","2011",2.961151,
"SWE","CPI","TOT","AGRWTH","A","2012",0.8883775,
"SWE","CPI","TOT","AGRWTH","A","2013",-0.04429297,
"SWE","CPI","TOT","AGRWTH","A","2014",-0.1796385,
"SWE","CPI","TOT","AGRWTH","A","2015",-0.04678474,
"SWE","CPI","TOT","AGRWTH","A","2016",0.9842693,
"SWE","CPI","TOT","AGRWTH","A","2017",1.794499,
"SWE","CPI","TOT","AGRWTH","A","2018",1.953535,
"SWE","CPI","TOT","AGRWTH","A","2019",1.784151,
"SWE","CPI","TOT","AGRWTH","A","2020",0.4973673,
"SWE","CPI","TOT","AGRWTH","A","2021",2.163197,
"SWE","CPI","TOT","AGRWTH","A","2022",8.369291,
"CHE","CPI","TOT","AGRWTH","A","1997",0.5202254,
"CHE","CPI","TOT","AGRWTH","A","1998",0.01793844,
"CHE","CPI","TOT","AGRWTH","A","1999",0.8064444,
"CHE","CPI","TOT","AGRWTH","A","2000",1.558529,
"CHE","CPI","TOT","AGRWTH","A","2001",0.9890203,
"CHE","CPI","TOT","AGRWTH","A","2002",0.6427115,
"CHE","CPI","TOT","AGRWTH","A","2003",0.6382729,
"CHE","CPI","TOT","AGRWTH","A","2004",0.8029087,
"CHE","CPI","TOT","AGRWTH","A","2005",1.171954,
"CHE","CPI","TOT","AGRWTH","A","2006",1.059509,
"CHE","CPI","TOT","AGRWTH","A","2007",0.7323506,
"CHE","CPI","TOT","AGRWTH","A","2008",2.426041,
"CHE","CPI","TOT","AGRWTH","A","2009",-0.4804819,
"CHE","CPI","TOT","AGRWTH","A","2010",0.6882387,
"CHE","CPI","TOT","AGRWTH","A","2011",0.2313492,
"CHE","CPI","TOT","AGRWTH","A","2012",-0.692552,
"CHE","CPI","TOT","AGRWTH","A","2013",-0.2173232,
"CHE","CPI","TOT","AGRWTH","A","2014",-0.01320254,
"CHE","CPI","TOT","AGRWTH","A","2015",-1.143909,
"CHE","CPI","TOT","AGRWTH","A","2016",-0.4346187,
"CHE","CPI","TOT","AGRWTH","A","2017",0.5337878,
"CHE","CPI","TOT","AGRWTH","A","2018",0.9363354,
"CHE","CPI","TOT","AGRWTH","A","2019",0.3628862,
"CHE","CPI","TOT","AGRWTH","A","2020",-0.725875,
"CHE","CPI","TOT","AGRWTH","A","2021",0.5818142,
"CHE","CPI","TOT","AGRWTH","A","2022",2.835028,
"TUR","CPI","TOT","AGRWTH","A","1997",85.66936,
"TUR","CPI","TOT","AGRWTH","A","1998",84.64133,
"TUR","CPI","TOT","AGRWTH","A","1999",64.86748,
"TUR","CPI","TOT","AGRWTH","A","2000",54.91538,
"TUR","CPI","TOT","AGRWTH","A","2001",54.40018,
"TUR","CPI","TOT","AGRWTH","A","2002",44.96412,
"TUR","CPI","TOT","AGRWTH","A","2003",21.60244,
"TUR","CPI","TOT","AGRWTH","A","2004",8.598262,
"TUR","CPI","TOT","AGRWTH","A","2005",8.17916,
"TUR","CPI","TOT","AGRWTH","A","2006",9.597242,
"TUR","CPI","TOT","AGRWTH","A","2007",8.756181,
"TUR","CPI","TOT","AGRWTH","A","2008",10.44413,
"TUR","CPI","TOT","AGRWTH","A","2009",6.250977,
"TUR","CPI","TOT","AGRWTH","A","2010",8.566444,
"TUR","CPI","TOT","AGRWTH","A","2011",6.471879,
"TUR","CPI","TOT","AGRWTH","A","2012",8.89157,
"TUR","CPI","TOT","AGRWTH","A","2013",7.49309,
"TUR","CPI","TOT","AGRWTH","A","2014",8.854572,
"TUR","CPI","TOT","AGRWTH","A","2015",7.670854,
"TUR","CPI","TOT","AGRWTH","A","2016",7.775134,
"TUR","CPI","TOT","AGRWTH","A","2017",11.14431,
"TUR","CPI","TOT","AGRWTH","A","2018",16.33246,
"TUR","CPI","TOT","AGRWTH","A","2019",15.17682,
"TUR","CPI","TOT","AGRWTH","A","2020",12.27896,
"TUR","CPI","TOT","AGRWTH","A","2021",19.59649,
"TUR","CPI","TOT","AGRWTH","A","2022",72.30884,
"GBR","CPI","TOT","AGRWTH","A","1997",2.2,
"GBR","CPI","TOT","AGRWTH","A","1998",1.8,
"GBR","CPI","TOT","AGRWTH","A","1999",1.7,
"GBR","CPI","TOT","AGRWTH","A","2000",1.2,
"GBR","CPI","TOT","AGRWTH","A","2001",1.6,
"GBR","CPI","TOT","AGRWTH","A","2002",1.5,
"GBR","CPI","TOT","AGRWTH","A","2003",1.4,
"GBR","CPI","TOT","AGRWTH","A","2004",1.4,
"GBR","CPI","TOT","AGRWTH","A","2005",2.1,
"GBR","CPI","TOT","AGRWTH","A","2006",2.5,
"GBR","CPI","TOT","AGRWTH","A","2007",2.4,
"GBR","CPI","TOT","AGRWTH","A","2008",3.5,
"GBR","CPI","TOT","AGRWTH","A","2009",2,
"GBR","CPI","TOT","AGRWTH","A","2010",2.5,
"GBR","CPI","TOT","AGRWTH","A","2011",3.8,
"GBR","CPI","TOT","AGRWTH","A","2012",2.6,
"GBR","CPI","TOT","AGRWTH","A","2013",2.3,
"GBR","CPI","TOT","AGRWTH","A","2014",1.5,
"GBR","CPI","TOT","AGRWTH","A","2015",0.4,
"GBR","CPI","TOT","AGRWTH","A","2016",1,
"GBR","CPI","TOT","AGRWTH","A","2017",2.6,
"GBR","CPI","TOT","AGRWTH","A","2018",2.3,
"GBR","CPI","TOT","AGRWTH","A","2019",1.7,
"GBR","CPI","TOT","AGRWTH","A","2020",1,
"GBR","CPI","TOT","AGRWTH","A","2021",2.5,
"GBR","CPI","TOT","AGRWTH","A","2022",7.9,
"USA","CPI","TOT","AGRWTH","A","1997",2.33769,
"USA","CPI","TOT","AGRWTH","A","1998",1.552279,
"USA","CPI","TOT","AGRWTH","A","1999",2.188027,
"USA","CPI","TOT","AGRWTH","A","2000",3.376857,
"USA","CPI","TOT","AGRWTH","A","2001",2.826171,
"USA","CPI","TOT","AGRWTH","A","2002",1.586032,
"USA","CPI","TOT","AGRWTH","A","2003",2.270095,
"USA","CPI","TOT","AGRWTH","A","2004",2.677237,
"USA","CPI","TOT","AGRWTH","A","2005",3.392747,
"USA","CPI","TOT","AGRWTH","A","2006",3.225944,
"USA","CPI","TOT","AGRWTH","A","2007",2.852673,
"USA","CPI","TOT","AGRWTH","A","2008",3.8391,
"USA","CPI","TOT","AGRWTH","A","2009",-0.3555463,
"USA","CPI","TOT","AGRWTH","A","2010",1.640043,
"USA","CPI","TOT","AGRWTH","A","2011",3.156842,
"USA","CPI","TOT","AGRWTH","A","2012",2.069337,
"USA","CPI","TOT","AGRWTH","A","2013",1.464833,
"USA","CPI","TOT","AGRWTH","A","2014",1.622223,
"USA","CPI","TOT","AGRWTH","A","2015",0.1186271,
"USA","CPI","TOT","AGRWTH","A","2016",1.261583,
"USA","CPI","TOT","AGRWTH","A","2017",2.13011,
"USA","CPI","TOT","AGRWTH","A","2018",2.442583,
"USA","CPI","TOT","AGRWTH","A","2019",1.81221,
"USA","CPI","TOT","AGRWTH","A","2020",1.233584,
"USA","CPI","TOT","AGRWTH","A","2021",4.697859,
"USA","CPI","TOT","AGRWTH","A","2022",8.0028,
"CHL","CPI","TOT","AGRWTH","A","1997",6.133866,
"CHL","CPI","TOT","AGRWTH","A","1998",5.110244,
"CHL","CPI","TOT","AGRWTH","A","1999",3.336883,
"CHL","CPI","TOT","AGRWTH","A","2000",3.843273,
"CHL","CPI","TOT","AGRWTH","A","2001",3.569101,
"CHL","CPI","TOT","AGRWTH","A","2002",2.489398,
"CHL","CPI","TOT","AGRWTH","A","2003",2.810177,
"CHL","CPI","TOT","AGRWTH","A","2004",1.054739,
"CHL","CPI","TOT","AGRWTH","A","2005",3.052574,
"CHL","CPI","TOT","AGRWTH","A","2006",3.392019,
"CHL","CPI","TOT","AGRWTH","A","2007",4.407798,
"CHL","CPI","TOT","AGRWTH","A","2008",8.716269,
"CHL","CPI","TOT","AGRWTH","A","2009",0.3530467,
"CHL","CPI","TOT","AGRWTH","A","2010",1.410711,
"CHL","CPI","TOT","AGRWTH","A","2011",3.341217,
"CHL","CPI","TOT","AGRWTH","A","2012",3.007448,
"CHL","CPI","TOT","AGRWTH","A","2013",1.789556,
"CHL","CPI","TOT","AGRWTH","A","2014",4.718675,
"CHL","CPI","TOT","AGRWTH","A","2015",4.348773,
"CHL","CPI","TOT","AGRWTH","A","2016",3.786194,
"CHL","CPI","TOT","AGRWTH","A","2017",2.182719,
"CHL","CPI","TOT","AGRWTH","A","2018",2.43489,
"CHL","CPI","TOT","AGRWTH","A","2019",2.557545,
"CHL","CPI","TOT","AGRWTH","A","2020",3.045491,
"CHL","CPI","TOT","AGRWTH","A","2021",4.524569,
"CHL","CPI","TOT","AGRWTH","A","2022",11.64387,
"EST","CPI","TOT","AGRWTH","A","1998",8.744751,
"EST","CPI","TOT","AGRWTH","A","1999",3.296111,
"EST","CPI","TOT","AGRWTH","A","2000",4.018489,
"EST","CPI","TOT","AGRWTH","A","2001",5.74828,
"EST","CPI","TOT","AGRWTH","A","2002",3.571913,
"EST","CPI","TOT","AGRWTH","A","2003",1.334991,
"EST","CPI","TOT","AGRWTH","A","2004",3.048111,
"EST","CPI","TOT","AGRWTH","A","2005",4.079714,
"EST","CPI","TOT","AGRWTH","A","2006",4.437621,
"EST","CPI","TOT","AGRWTH","A","2007",6.601326,
"EST","CPI","TOT","AGRWTH","A","2008",10.36236,
"EST","CPI","TOT","AGRWTH","A","2009",-0.07840831,
"EST","CPI","TOT","AGRWTH","A","2010",2.972045,
"EST","CPI","TOT","AGRWTH","A","2011",4.981901,
"EST","CPI","TOT","AGRWTH","A","2012",3.9334,
"EST","CPI","TOT","AGRWTH","A","2013",2.780567,
"EST","CPI","TOT","AGRWTH","A","2014",-0.1061751,
"EST","CPI","TOT","AGRWTH","A","2015",-0.492326,
"EST","CPI","TOT","AGRWTH","A","2016",0.1486849,
"EST","CPI","TOT","AGRWTH","A","2017",3.417236,
"EST","CPI","TOT","AGRWTH","A","2018",3.436327,
"EST","CPI","TOT","AGRWTH","A","2019",2.277259,
"EST","CPI","TOT","AGRWTH","A","2020",-0.4445311,
"EST","CPI","TOT","AGRWTH","A","2021",4.653167,
"EST","CPI","TOT","AGRWTH","A","2022",19.39826,
"ISR","CPI","TOT","AGRWTH","A","1997",8.956639,
"ISR","CPI","TOT","AGRWTH","A","1998",5.496829,
"ISR","CPI","TOT","AGRWTH","A","1999",5.175056,
"ISR","CPI","TOT","AGRWTH","A","2000",1.053575,
"ISR","CPI","TOT","AGRWTH","A","2001",1.153505,
"ISR","CPI","TOT","AGRWTH","A","2002",5.756579,
"ISR","CPI","TOT","AGRWTH","A","2003",0.7257646,
"ISR","CPI","TOT","AGRWTH","A","2004",-0.4117344,
"ISR","CPI","TOT","AGRWTH","A","2005",1.312662,
"ISR","CPI","TOT","AGRWTH","A","2006",2.060804,
"ISR","CPI","TOT","AGRWTH","A","2007",0.4598161,
"ISR","CPI","TOT","AGRWTH","A","2008",4.557214,
"ISR","CPI","TOT","AGRWTH","A","2009",3.340312,
"ISR","CPI","TOT","AGRWTH","A","2010",2.71664,
"ISR","CPI","TOT","AGRWTH","A","2011",3.478573,
"ISR","CPI","TOT","AGRWTH","A","2012",1.689482,
"ISR","CPI","TOT","AGRWTH","A","2013",1.576212,
"ISR","CPI","TOT","AGRWTH","A","2014",0.4864956,
"ISR","CPI","TOT","AGRWTH","A","2015",-0.6343907,
"ISR","CPI","TOT","AGRWTH","A","2016",-0.5460349,
"ISR","CPI","TOT","AGRWTH","A","2017",0.2449531,
"ISR","CPI","TOT","AGRWTH","A","2018",0.8173239,
"ISR","CPI","TOT","AGRWTH","A","2019",0.8441287,
"ISR","CPI","TOT","AGRWTH","A","2020",-0.5884303,
"ISR","CPI","TOT","AGRWTH","A","2021",1.492288,
"ISR","CPI","TOT","AGRWTH","A","2022",4.394611,
"SVN","CPI","TOT","AGRWTH","A","1997",8.359679,
"SVN","CPI","TOT","AGRWTH","A","1998",7.891166,
"SVN","CPI","TOT","AGRWTH","A","1999",6.155588,
"SVN","CPI","TOT","AGRWTH","A","2000",8.911745,
"SVN","CPI","TOT","AGRWTH","A","2001",8.379666,
"SVN","CPI","TOT","AGRWTH","A","2002",7.480778,
"SVN","CPI","TOT","AGRWTH","A","2003",5.544164,
"SVN","CPI","TOT","AGRWTH","A","2004",3.592976,
"SVN","CPI","TOT","AGRWTH","A","2005",2.451501,
"SVN","CPI","TOT","AGRWTH","A","2006",2.457924,
"SVN","CPI","TOT","AGRWTH","A","2007",3.657496,
"SVN","CPI","TOT","AGRWTH","A","2008",5.647424,
"SVN","CPI","TOT","AGRWTH","A","2009",0.8392622,
"SVN","CPI","TOT","AGRWTH","A","2010",1.80117,
"SVN","CPI","TOT","AGRWTH","A","2011",1.802852,
"SVN","CPI","TOT","AGRWTH","A","2012",2.597414,
"SVN","CPI","TOT","AGRWTH","A","2013",1.769201,
"SVN","CPI","TOT","AGRWTH","A","2014",0.1993438,
"SVN","CPI","TOT","AGRWTH","A","2015",-0.5255523,
"SVN","CPI","TOT","AGRWTH","A","2016",-0.05499954,
"SVN","CPI","TOT","AGRWTH","A","2017",1.429107,
"SVN","CPI","TOT","AGRWTH","A","2018",1.738609,
"SVN","CPI","TOT","AGRWTH","A","2019",1.630523,
"SVN","CPI","TOT","AGRWTH","A","2020",-0.05485681,
"SVN","CPI","TOT","AGRWTH","A","2021",1.917065,
"SVN","CPI","TOT","AGRWTH","A","2022",8.833699,
"OECD","CPI","TOT","AGRWTH","A","1997",4.910319,
"OECD","CPI","TOT","AGRWTH","A","1998",4.332418,
"OECD","CPI","TOT","AGRWTH","A","1999",3.701649,
"OECD","CPI","TOT","AGRWTH","A","2000",4.057052,
"OECD","CPI","TOT","AGRWTH","A","2001",3.671181,
"OECD","CPI","TOT","AGRWTH","A","2002",2.781106,
"OECD","CPI","TOT","AGRWTH","A","2003",2.480545,
"OECD","CPI","TOT","AGRWTH","A","2004",2.411276,
"OECD","CPI","TOT","AGRWTH","A","2005",2.643938,
"OECD","CPI","TOT","AGRWTH","A","2006",2.672025,
"OECD","CPI","TOT","AGRWTH","A","2007",2.548455,
"OECD","CPI","TOT","AGRWTH","A","2008",3.737073,
"OECD","CPI","TOT","AGRWTH","A","2009",0.5562602,
"OECD","CPI","TOT","AGRWTH","A","2010",1.80274,
"OECD","CPI","TOT","AGRWTH","A","2011",2.849036,
"OECD","CPI","TOT","AGRWTH","A","2012",2.243229,
"OECD","CPI","TOT","AGRWTH","A","2013",1.604291,
"OECD","CPI","TOT","AGRWTH","A","2014",1.74088,
"OECD","CPI","TOT","AGRWTH","A","2015",0.6836919,
"OECD","CPI","TOT","AGRWTH","A","2016",1.197013,
"OECD","CPI","TOT","AGRWTH","A","2017",2.281483,
"OECD","CPI","TOT","AGRWTH","A","2018",2.60716,
"OECD","CPI","TOT","AGRWTH","A","2019",2.068703,
"OECD","CPI","TOT","AGRWTH","A","2020",1.346726,
"OECD","CPI","TOT","AGRWTH","A","2021",3.986406,
"OECD","CPI","TOT","AGRWTH","A","2022",9.549949,
"COL","CPI","TOT","AGRWTH","A","1997",18.47003,
"COL","CPI","TOT","AGRWTH","A","1998",18.67698,
"COL","CPI","TOT","AGRWTH","A","1999",10.87369,
"COL","CPI","TOT","AGRWTH","A","2000",9.225347,
"COL","CPI","TOT","AGRWTH","A","2001",7.965562,
"COL","CPI","TOT","AGRWTH","A","2002",6.351508,
"COL","CPI","TOT","AGRWTH","A","2003",7.129788,
"COL","CPI","TOT","AGRWTH","A","2004",5.904022,
"COL","CPI","TOT","AGRWTH","A","2005",5.051016,
"COL","CPI","TOT","AGRWTH","A","2006",4.293426,
"COL","CPI","TOT","AGRWTH","A","2007",5.544385,
"COL","CPI","TOT","AGRWTH","A","2008",6.996882,
"COL","CPI","TOT","AGRWTH","A","2009",4.202518,
"COL","CPI","TOT","AGRWTH","A","2010",2.272003,
"COL","CPI","TOT","AGRWTH","A","2011",3.415032,
"COL","CPI","TOT","AGRWTH","A","2012",3.169303,
"COL","CPI","TOT","AGRWTH","A","2013",2.016993,
"COL","CPI","TOT","AGRWTH","A","2014",2.898838,
"COL","CPI","TOT","AGRWTH","A","2015",4.989829,
"COL","CPI","TOT","AGRWTH","A","2016",7.513461,
"COL","CPI","TOT","AGRWTH","A","2017",4.314313,
"COL","CPI","TOT","AGRWTH","A","2018",3.24057,
"COL","CPI","TOT","AGRWTH","A","2019",3.52302,
"COL","CPI","TOT","AGRWTH","A","2020",2.52662,
"COL","CPI","TOT","AGRWTH","A","2021",3.495073,
"COL","CPI","TOT","AGRWTH","A","2022",10.17724,
"LVA","CPI","TOT","AGRWTH","A","1997",8.447392,
"LVA","CPI","TOT","AGRWTH","A","1998",4.644212,
"LVA","CPI","TOT","AGRWTH","A","1999",2.364815,
"LVA","CPI","TOT","AGRWTH","A","2000",2.654253,
"LVA","CPI","TOT","AGRWTH","A","2001",2.487044,
"LVA","CPI","TOT","AGRWTH","A","2002",1.938879,
"LVA","CPI","TOT","AGRWTH","A","2003",2.942643,
"LVA","CPI","TOT","AGRWTH","A","2004",6.192384,
"LVA","CPI","TOT","AGRWTH","A","2005",6.748452,
"LVA","CPI","TOT","AGRWTH","A","2006",6.536199,
"LVA","CPI","TOT","AGRWTH","A","2007",10.09298,
"LVA","CPI","TOT","AGRWTH","A","2008",15.40232,
"LVA","CPI","TOT","AGRWTH","A","2009",3.534107,
"LVA","CPI","TOT","AGRWTH","A","2010",-1.084636,
"LVA","CPI","TOT","AGRWTH","A","2011",4.370736,
"LVA","CPI","TOT","AGRWTH","A","2012",2.257789,
"LVA","CPI","TOT","AGRWTH","A","2013",-0.02945478,
"LVA","CPI","TOT","AGRWTH","A","2014",0.6204923,
"LVA","CPI","TOT","AGRWTH","A","2015",0.1742414,
"LVA","CPI","TOT","AGRWTH","A","2016",0.1406308,
"LVA","CPI","TOT","AGRWTH","A","2017",2.930369,
"LVA","CPI","TOT","AGRWTH","A","2018",2.53446,
"LVA","CPI","TOT","AGRWTH","A","2019",2.811403,
"LVA","CPI","TOT","AGRWTH","A","2020",0.2190611,
"LVA","CPI","TOT","AGRWTH","A","2021",3.275814,
"LVA","CPI","TOT","AGRWTH","A","2022",17.31029,
"LTU","CPI","TOT","AGRWTH","A","1997",8.881048,
"LTU","CPI","TOT","AGRWTH","A","1998",5.067554,
"LTU","CPI","TOT","AGRWTH","A","1999",0.7275506,
"LTU","CPI","TOT","AGRWTH","A","2000",0.9816155,
"LTU","CPI","TOT","AGRWTH","A","2001",1.36712,
"LTU","CPI","TOT","AGRWTH","A","2002",0.2815066,
"LTU","CPI","TOT","AGRWTH","A","2003",-1.134309,
"LTU","CPI","TOT","AGRWTH","A","2004",1.164103,
"LTU","CPI","TOT","AGRWTH","A","2005",2.658485,
"LTU","CPI","TOT","AGRWTH","A","2006",3.73912,
"LTU","CPI","TOT","AGRWTH","A","2007",5.737174,
"LTU","CPI","TOT","AGRWTH","A","2008",10.92589,
"LTU","CPI","TOT","AGRWTH","A","2009",4.453044,
"LTU","CPI","TOT","AGRWTH","A","2010",1.319214,
"LTU","CPI","TOT","AGRWTH","A","2011",4.130276,
"LTU","CPI","TOT","AGRWTH","A","2012",3.089983,
"LTU","CPI","TOT","AGRWTH","A","2013",1.047479,
"LTU","CPI","TOT","AGRWTH","A","2014",0.103758,
"LTU","CPI","TOT","AGRWTH","A","2015",-0.8840974,
"LTU","CPI","TOT","AGRWTH","A","2016",0.9055251,
"LTU","CPI","TOT","AGRWTH","A","2017",3.722889,
"LTU","CPI","TOT","AGRWTH","A","2018",2.697928,
"LTU","CPI","TOT","AGRWTH","A","2019",2.334509,
"LTU","CPI","TOT","AGRWTH","A","2020",1.199894,
"LTU","CPI","TOT","AGRWTH","A","2021",4.683544,
"LTU","CPI","TOT","AGRWTH","A","2022",19.70505,
"CRI","CPI","TOT","AGRWTH","A","1997",13.24804,
"CRI","CPI","TOT","AGRWTH","A","1998",11.6593,
"CRI","CPI","TOT","AGRWTH","A","1999",10.04528,
"CRI","CPI","TOT","AGRWTH","A","2000",10.96155,
"CRI","CPI","TOT","AGRWTH","A","2001",11.25562,
"CRI","CPI","TOT","AGRWTH","A","2002",9.167521,
"CRI","CPI","TOT","AGRWTH","A","2003",9.447581,
"CRI","CPI","TOT","AGRWTH","A","2004",12.31481,
"CRI","CPI","TOT","AGRWTH","A","2005",13.7983,
"CRI","CPI","TOT","AGRWTH","A","2006",11.4706,
"CRI","CPI","TOT","AGRWTH","A","2007",9.357244,
"CRI","CPI","TOT","AGRWTH","A","2008",13.42446,
"CRI","CPI","TOT","AGRWTH","A","2009",7.842702,
"CRI","CPI","TOT","AGRWTH","A","2010",5.662757,
"CRI","CPI","TOT","AGRWTH","A","2011",4.877998,
"CRI","CPI","TOT","AGRWTH","A","2012",4.495453,
"CRI","CPI","TOT","AGRWTH","A","2013",5.231336,
"CRI","CPI","TOT","AGRWTH","A","2014",4.519201,
"CRI","CPI","TOT","AGRWTH","A","2015",0.801982,
"CRI","CPI","TOT","AGRWTH","A","2016",-0.01747885,
"CRI","CPI","TOT","AGRWTH","A","2017",1.625907,
"CRI","CPI","TOT","AGRWTH","A","2018",2.221115,
"CRI","CPI","TOT","AGRWTH","A","2019",2.096046,
"CRI","CPI","TOT","AGRWTH","A","2020",0.7249115,
"CRI","CPI","TOT","AGRWTH","A","2021",1.726478,
